,feature_importance,feature_names
0,5.626375282820351,scout_id
7,3.6709279215506907,player_weight
3,3.3718814581398,competitionId
6,3.2709293030917603,player_height
12,2.9771609634019365,player_general_var_4
1,2.9224155527764752,winner
199,1.5604206461280818,player_positional_raw_var_185
52,1.2482916309211227,player_other_raw_var_38
90,1.0571645953196105,player_other_raw_var_76
259,0.7080043043181696,player_positional_ratio_var_46
211,0.6981312420358755,player_other_raw_var_197
2,0.6073069362577364,team
5,0.5944658792529305,player_position_2
572,0.5328407686612581,team1_other_ratio_var_15
389,0.49696759205669433,player_offensive_derived_var_89
222,0.4618208769627024,player_other_ratio_var_9
123,0.45590340106046673,player_other_raw_var_109
577,0.4539290839760181,team1_other_ratio_var_20
324,0.4483402437509392,player_offensive_derived_var_24
680,0.42191476139645634,team2_other_raw_var_49
376,0.42041426076082,player_other_derived_var_76
730,0.41265064213205177,team2_defensive_ratio_var_5
795,0.4080347149108211,team2_defensive_derived_var_17
446,0.40652798557673786,player_general_derived_var_146
741,0.3970809142364099,team2_other_ratio_var_16
762,0.39169322408632307,team2_other_ratio_var_37
724,0.39093367782959165,team2_other_raw_var_93
573,0.3867102448374155,team1_other_ratio_var_16
4,0.3866617457447193,player_position_1
287,0.385042353736867,player_other_ratio_var_74
611,0.38201678264346145,team1_defensive_derived_var_1
578,0.3806137868607433,team1_other_ratio_var_21
254,0.3767675854871373,player_other_ratio_var_41
276,0.3745486086904709,player_other_ratio_var_63
740,0.3699789065026626,team2_other_ratio_var_15
620,0.36401726010955143,team1_defensive_derived_var_10
20,0.3607132073554806,player_other_raw_var_6
427,0.3519235101657748,player_offensive_derived_var_127
750,0.35066077270051066,team2_other_ratio_var_25
197,0.34608346006621704,player_other_raw_var_183
708,0.3460642055303223,team2_offensive_raw_var_77
255,0.3379133684046416,player_other_ratio_var_42
575,0.33772570950699765,team1_other_ratio_var_18
45,0.33586593098364304,player_offensive_raw_var_31
655,0.32755973311013914,team2_defensive_raw_var_24
261,0.32616434662522653,player_other_ratio_var_48
677,0.3259200281243831,team2_other_raw_var_46
274,0.32300623411872464,player_other_ratio_var_61
743,0.32061487819672585,team2_other_ratio_var_18
726,0.318929185839312,team2_other_ratio_var_1
786,0.3175059286519187,team2_defensive_derived_var_8
342,0.3170206891508459,player_other_derived_var_42
311,0.316548354587179,player_defensive_derived_var_11
364,0.3164755799613481,player_positional_derived_var_64
738,0.31392895445849384,team2_other_ratio_var_13
385,0.3123584074736098,player_positional_derived_var_85
92,0.31005262095056313,player_general_raw_var_78
511,0.3063410221600521,team1_other_raw_var_48
571,0.3052779946701028,team1_other_ratio_var_14
776,0.30313564967561213,team2_other_ratio_var_51
103,0.3013949488327273,player_other_raw_var_89
153,0.2989715729653164,player_other_raw_var_139
583,0.29761554040082133,team1_other_ratio_var_26
212,0.2941665439099519,player_physical_raw_var_198
788,0.2934406782016011,team2_defensive_derived_var_10
373,0.29284031544736033,player_offensive_derived_var_73
612,0.2893987944707622,team1_defensive_derived_var_2
769,0.2872874831099491,team2_other_ratio_var_44
521,0.2836164893037498,team1_other_raw_var_58
566,0.27836826949971116,team1_offensive_ratio_var_9
89,0.274599653499889,player_other_raw_var_75
297,0.2737508731518762,player_defensive_ratio_var_84
464,0.2730612561154121,team1_offensive_raw_var_1
509,0.2705246556996154,team1_other_raw_var_46
512,0.2697989769705297,team1_other_raw_var_49
256,0.2667832611666444,player_other_ratio_var_43
704,0.25895693204134895,team2_other_raw_var_73
597,0.2547192974942623,team1_other_ratio_var_40
765,0.25429786172320507,team2_other_ratio_var_40
349,0.25251217401674547,player_defensive_derived_var_49
616,0.25193585984842076,team1_defensive_derived_var_6
630,0.2507589480970028,team2_system_id
659,0.24853398679130917,team2_other_raw_var_28
329,0.24700044309764388,player_defensive_derived_var_29
355,0.24643869368804328,player_offensive_derived_var_55
603,0.2458982841556211,team1_other_ratio_var_46
273,0.2448721776337953,player_other_ratio_var_60
499,0.2445279838659531,team1_other_raw_var_36
409,0.24180228595104195,player_defensive_derived_var_109
686,0.24176690829030759,team2_other_raw_var_55
540,0.24070626376931098,team1_offensive_raw_var_77
268,0.24028490677802575,player_other_ratio_var_55
488,0.2387145086283253,team1_other_raw_var_25
136,0.23727935878456138,player_offensive_raw_var_122
761,0.2365145233273133,team2_other_ratio_var_36
133,0.23617468868988556,player_other_raw_var_119
10,0.2348820266672416,player_general_var_2
321,0.23427030166405377,player_offensive_derived_var_21
619,0.23381779693156246,team1_defensive_derived_var_9
196,0.23340329550567954,player_offensive_raw_var_182
205,0.2327980041823544,player_physical_raw_var_191
592,0.23136083752565945,team1_other_ratio_var_35
725,0.22604585563017734,team2_other_ratio_var_0
617,0.22298378837148747,team1_offensive_derived_var_7
408,0.22280114836446455,player_defensive_derived_var_108
130,0.22169325965145847,player_offensive_raw_var_116
269,0.21896038453505695,player_other_ratio_var_56
267,0.21755978055607617,player_offensive_ratio_var_54
623,0.2150640564479396,team1_offensive_derived_var_13
768,0.21502660304560703,team2_other_ratio_var_43
569,0.2135390978976623,team1_other_ratio_var_12
260,0.2132176473384792,player_positional_ratio_var_47
779,0.21259499654319058,team2_defensive_derived_var_1
72,0.21230356503614692,player_other_raw_var_58
579,0.21205594132284566,team1_other_ratio_var_22
224,0.2119613126011308,player_other_ratio_var_11
627,0.21175846360341033,team1_defensive_derived_var_17
794,0.2103643766452392,team2_offensive_derived_var_16
486,0.2100731942777798,team1_other_raw_var_23
454,0.20745044568585508,player_offensive_derived_var_154
242,0.20692252862110808,player_defensive_ratio_var_29
124,0.205886467904012,player_positional_raw_var_110
59,0.20572545421363292,player_other_raw_var_45
484,0.2056316419748156,team1_other_raw_var_21
58,0.20560940456786522,player_other_raw_var_44
225,0.20439517750304548,player_offensive_ratio_var_12
520,0.20347347344400935,team1_other_raw_var_57
507,0.20329808532910595,team1_other_raw_var_44
444,0.1992983705105014,player_other_derived_var_144
195,0.19914037360234907,player_other_raw_var_181
456,0.19899813524297516,player_general_derived_var_156
729,0.19670740366924946,team2_other_ratio_var_4
558,0.19527646127561865,team1_other_ratio_var_1
667,0.19519827760052158,team2_other_raw_var_36
415,0.19064663983259675,player_other_derived_var_115
557,0.18843934937652282,team1_other_ratio_var_0
150,0.1859268905503964,player_other_raw_var_136
79,0.18425888792771442,player_defensive_raw_var_65
463,0.18282191759903896,team1_other_raw_var_0
200,0.18277674082165335,player_offensive_raw_var_186
747,0.18260135416842463,team2_other_ratio_var_22
519,0.1821531685704739,team1_other_raw_var_56
618,0.1820869353162051,team1_defensive_derived_var_8
631,0.18081789233345677,team2_other_raw_var_0
582,0.18034960010701664,team1_other_ratio_var_25
351,0.1798157735620471,player_other_derived_var_51
536,0.1795985856900533,team1_other_raw_var_73
613,0.1791172430671192,team1_defensive_derived_var_3
436,0.177391488183172,player_positional_derived_var_136
363,0.1772731278190942,player_offensive_derived_var_63
588,0.17723356104316992,team1_other_ratio_var_31
763,0.17609520153833075,team2_other_ratio_var_38
580,0.17574232056274353,team1_other_ratio_var_23
308,0.17471941427554014,player_defensive_derived_var_8
445,0.17435045309202493,player_other_derived_var_145
320,0.17431455397517656,player_other_derived_var_20
789,0.1736544464220669,team2_offensive_derived_var_11
746,0.17258434854333804,team2_other_ratio_var_21
534,0.17257279087572513,team1_defensive_raw_var_71
455,0.17223035018158558,player_offensive_derived_var_155
326,0.1716683688519553,player_offensive_derived_var_26
517,0.17095689493857485,team1_other_raw_var_54
518,0.1706242973601271,team1_other_raw_var_55
745,0.16994825799150287,team2_other_ratio_var_20
317,0.16963658555893818,player_offensive_derived_var_17
87,0.16931057060689578,player_offensive_raw_var_73
80,0.16917805249841486,player_defensive_raw_var_66
491,0.16893995671057144,team1_other_raw_var_28
393,0.16863919210925457,player_defensive_derived_var_93
390,0.1679487706586829,player_offensive_derived_var_90
760,0.16736311487208222,team2_other_ratio_var_35
727,0.16581342013646763,team2_defensive_ratio_var_2
337,0.16570392917542415,player_defensive_derived_var_37
81,0.16551059679348537,player_defensive_raw_var_67
595,0.16430346458197656,team1_other_ratio_var_38
481,0.16282427280511255,team1_offensive_raw_var_18
451,0.16058090936074593,player_offensive_derived_var_151
327,0.16016395091194421,player_positional_derived_var_27
204,0.15949501127946727,player_physical_raw_var_190
263,0.15898617363952236,player_offensive_ratio_var_50
604,0.15870049582513462,team1_other_ratio_var_47
360,0.15868528588144623,player_offensive_derived_var_60
248,0.15837681811643756,player_offensive_ratio_var_35
767,0.15823368905817378,team2_other_ratio_var_42
797,0.15733729168614113,team2_offensive_derived_var_19
510,0.15693747269735522,team1_other_raw_var_47
689,0.15604344541466367,team2_other_raw_var_58
156,0.15593715809688388,player_other_raw_var_142
633,0.1558147885485802,team2_other_raw_var_2
784,0.15463522782105207,team2_defensive_derived_var_6
391,0.15281079742387726,player_offensive_derived_var_91
208,0.1513769193060053,player_physical_raw_var_194
622,0.1513443858042349,team1_offensive_derived_var_12
533,0.15099502580555632,team1_other_raw_var_70
307,0.14966935280197072,player_defensive_derived_var_7
117,0.14930674633892874,player_other_raw_var_103
782,0.1489650538146228,team2_offensive_derived_var_4
338,0.14768420745018637,player_offensive_derived_var_38
258,0.14752556972946618,player_offensive_ratio_var_45
448,0.1472188684551334,player_general_derived_var_148
304,0.1445792840772141,player_physical_derived_var_4
350,0.14424278137461702,player_offensive_derived_var_50
628,0.14415585762893787,team1_offensive_derived_var_18
751,0.14380065735091319,team2_other_ratio_var_26
610,0.1425694807189814,team1_offensive_derived_var_0
653,0.1419740134643157,team2_other_raw_var_22
527,0.13987010633077251,team1_other_raw_var_64
138,0.13797852738767705,player_other_raw_var_124
319,0.13642199577949735,player_defensive_derived_var_19
615,0.13600029961833168,team1_offensive_derived_var_5
430,0.13539473037581762,player_positional_derived_var_130
753,0.13335581537299654,team2_other_ratio_var_28
593,0.13305131554292332,team1_other_ratio_var_36
362,0.13271283521881647,player_physical_derived_var_62
356,0.13232490983787104,player_offensive_derived_var_56
243,0.13077470398271382,player_other_ratio_var_30
553,0.13048352675509733,team1_other_raw_var_90
151,0.13046149367638793,player_defensive_raw_var_137
487,0.13005842681920338,team1_defensive_raw_var_24
690,0.12988218145441568,team2_other_raw_var_59
728,0.12906068568482623,team2_other_ratio_var_3
88,0.12806049490805668,player_defensive_raw_var_74
556,0.1274448835923799,team1_other_raw_var_93
429,0.1268299074491736,player_offensive_derived_var_129
594,0.12641464445822698,team1_other_ratio_var_37
341,0.12630120915465448,player_offensive_derived_var_41
18,0.12607851362900888,player_defensive_raw_var_4
731,0.12563982817179262,team2_offensive_ratio_var_6
365,0.12509598323972704,player_defensive_derived_var_65
614,0.12436492433616093,team1_offensive_derived_var_4
271,0.12410661540806361,player_offensive_ratio_var_58
383,0.12371021331438567,player_defensive_derived_var_83
129,0.12344864827792698,player_offensive_raw_var_115
600,0.12289429766836185,team1_other_ratio_var_43
759,0.1228933705644899,team2_other_ratio_var_34
783,0.12271181223905096,team2_offensive_derived_var_5
721,0.12215890443192819,team2_other_raw_var_90
78,0.12211205233473911,player_other_raw_var_64
244,0.12178009584427811,player_other_ratio_var_31
404,0.1208593688337773,player_offensive_derived_var_104
739,0.1203981714407296,team2_other_ratio_var_14
781,0.11985285576135876,team2_defensive_derived_var_3
310,0.11885814654798382,player_physical_derived_var_10
564,0.11837730929895507,team1_other_ratio_var_7
524,0.11784920881214114,team1_other_raw_var_61
302,0.11766528584691015,player_defensive_derived_var_2
742,0.11746453778670438,team2_other_ratio_var_17
358,0.11741105382988558,player_defensive_derived_var_58
372,0.11687149204611556,player_defensive_derived_var_72
82,0.11646903836919645,player_other_raw_var_68
559,0.11586926395605365,team1_defensive_ratio_var_2
541,0.11585218432217984,team1_other_raw_var_78
787,0.11583282482311656,team2_defensive_derived_var_9
438,0.11579067916228421,player_defensive_derived_var_138
551,0.11555983189632549,team1_other_raw_var_88
354,0.11493134206691638,player_physical_derived_var_54
668,0.11484120157771155,team2_other_raw_var_37
262,0.11402786307497817,player_other_ratio_var_49
301,0.11400035621171924,player_defensive_derived_var_1
587,0.11398446557164235,team1_offensive_ratio_var_30
602,0.11396827578284738,team1_other_ratio_var_45
207,0.11341700449427225,player_physical_raw_var_193
780,0.11273386801083846,team2_defensive_derived_var_2
702,0.11265080033192955,team2_defensive_raw_var_71
563,0.11178775395126338,team1_offensive_ratio_var_6
322,0.11046816960849574,player_positional_derived_var_22
504,0.11046662058317647,team1_other_raw_var_41
652,0.11022576098058787,team2_other_raw_var_21
410,0.11020202477841487,player_offensive_derived_var_110
209,0.10989386577614968,player_physical_raw_var_195
570,0.1095572868704649,team1_other_ratio_var_13
201,0.10940545718249149,player_other_raw_var_187
770,0.10903720494485585,team2_other_ratio_var_45
586,0.10839794258963031,team1_other_ratio_var_29
764,0.106990415829478,team2_other_ratio_var_39
790,0.10691163792995942,team2_offensive_derived_var_12
384,0.10644275768155415,player_other_derived_var_84
300,0.10611520351833259,player_defensive_derived_var_0
737,0.10566413942826396,team2_other_ratio_var_12
771,0.10547130069106876,team2_other_ratio_var_46
608,0.10539221059396187,team1_other_ratio_var_51
502,0.10529770203175233,team1_other_raw_var_39
316,0.10519368016225437,player_physical_derived_var_16
683,0.10507222693380422,team2_other_raw_var_52
452,0.10375503276599422,player_general_derived_var_152
398,0.10316265590015627,player_defensive_derived_var_98
73,0.10315630857769688,player_other_raw_var_59
576,0.10292792992509954,team1_other_ratio_var_19
485,0.10239306238604362,team1_other_raw_var_22
313,0.1019900421035239,player_other_derived_var_13
598,0.10110749469931711,team1_other_ratio_var_41
125,0.1009974856527683,player_other_raw_var_111
691,0.10059849080460691,team2_other_raw_var_60
565,0.1005367419126881,team1_other_ratio_var_8
679,0.1004979855782445,team2_other_raw_var_48
560,0.10008709713926317,team1_other_ratio_var_3
369,0.09931390320454142,player_physical_derived_var_69
733,0.0992213107039618,team2_other_ratio_var_8
366,0.09912558566779357,player_defensive_derived_var_66
340,0.0983013858656784,player_physical_derived_var_40
333,0.09816086807548534,player_defensive_derived_var_33
500,0.0975028932051137,team1_other_raw_var_37
678,0.09638063428454528,team2_other_raw_var_47
646,0.096348811164034,team2_other_raw_var_15
791,0.09583251086330899,team2_offensive_derived_var_13
562,0.09576658166792545,team1_defensive_ratio_var_5
706,0.09550597221993586,team2_other_raw_var_75
707,0.09547492317018874,team2_other_raw_var_76
526,0.09473472615881022,team1_other_raw_var_63
422,0.09428998319786036,player_defensive_derived_var_122
83,0.09271952282375319,player_other_raw_var_69
64,0.09219249608498799,player_offensive_raw_var_50
77,0.09129028377058591,player_other_raw_var_63
468,0.09045699091977108,team1_other_raw_var_5
734,0.08991832898773637,team2_offensive_ratio_var_9
748,0.0896735887283432,team2_other_ratio_var_23
490,0.08945096554191777,team1_other_raw_var_27
554,0.08909828273783432,team1_offensive_raw_var_91
752,0.08908346212878399,team2_other_ratio_var_27
584,0.08899970519105599,team1_other_ratio_var_27
774,0.08867543072467543,team2_other_ratio_var_49
701,0.08831435231607054,team2_other_raw_var_70
447,0.08797741725915732,player_other_derived_var_147
591,0.08783513547211197,team1_other_ratio_var_34
561,0.08755487971510831,team1_other_ratio_var_4
135,0.08708661795985824,player_other_raw_var_121
495,0.08598293154288852,team1_other_raw_var_32
625,0.08561505153308778,team1_defensive_derived_var_15
305,0.08450983368858604,player_physical_derived_var_5
392,0.0843954845983597,player_positional_derived_var_92
264,0.0841539730308946,player_offensive_ratio_var_51
70,0.08410738998066855,player_other_raw_var_56
601,0.08372536282611587,team1_other_ratio_var_44
277,0.0835387948169633,player_offensive_ratio_var_64
528,0.08335388709894352,team1_other_raw_var_65
423,0.08291323062879744,player_other_derived_var_123
697,0.08288518388975429,team2_other_raw_var_66
537,0.08242093323259127,team1_other_raw_var_74
515,0.08240531577214344,team1_other_raw_var_52
621,0.08011077041724778,team1_offensive_derived_var_11
155,0.07934512694547026,player_other_raw_var_141
76,0.07859010602428432,player_defensive_raw_var_62
334,0.07843672442859342,player_physical_derived_var_34
325,0.07749677243118192,player_offensive_derived_var_25
303,0.07639526736126055,player_offensive_derived_var_3
348,0.07602121366516615,player_physical_derived_var_48
657,0.07578961824367696,team2_other_raw_var_26
550,0.07573197003646413,team1_other_raw_var_87
785,0.07550497494164961,team2_offensive_derived_var_7
754,0.07473016711014363,team2_other_ratio_var_29
400,0.07387243762567072,player_positional_derived_var_100
106,0.07329005618166134,player_defensive_raw_var_92
480,0.07305345738811428,team1_defensive_raw_var_17
275,0.07269630706491749,player_other_ratio_var_62
792,0.07199593940977507,team2_offensive_derived_var_14
132,0.0719283741073017,player_other_raw_var_118
330,0.07168826802959223,player_physical_derived_var_30
670,0.07157496499613235,team2_other_raw_var_39
312,0.0715542169507506,player_defensive_derived_var_12
732,0.0712649261783966,team2_other_ratio_var_7
498,0.07076433998742783,team1_offensive_raw_var_35
596,0.0707444110112336,team1_other_ratio_var_39
357,0.07061051919602097,player_positional_derived_var_57
375,0.07056812976925386,player_physical_derived_var_75
778,0.07054527426430895,team2_offensive_derived_var_0
629,0.07030855402828907,team1_offensive_derived_var_19
695,0.06922560369299871,team2_other_raw_var_64
407,0.06909078812199107,player_physical_derived_var_107
266,0.06893016057897391,player_offensive_ratio_var_53
756,0.06891722968468744,team2_other_ratio_var_31
574,0.0688382830584817,team1_other_ratio_var_17
654,0.06870765042149513,team2_other_raw_var_23
453,0.06863271075646438,player_offensive_derived_var_153
198,0.06819301833627266,player_other_raw_var_184
700,0.06817971071285339,team2_other_raw_var_69
431,0.06812190211000645,player_physical_derived_var_131
402,0.0680642728864971,player_defensive_derived_var_102
552,0.06796414718265714,team1_other_raw_var_89
676,0.06773844114974949,team2_other_raw_var_45
796,0.06759970067184158,team2_offensive_derived_var_18
660,0.06668892693769737,team2_defensive_raw_var_29
149,0.06591698915413188,player_other_raw_var_135
347,0.06587227902946242,player_offensive_derived_var_47
672,0.06540697656847473,team2_other_raw_var_41
673,0.06519270206640951,team2_other_raw_var_42
230,0.0642699605914398,player_defensive_ratio_var_17
367,0.06419939171263642,player_defensive_derived_var_67
144,0.06410666099018744,player_offensive_raw_var_130
687,0.0639872342841319,team2_other_raw_var_56
419,0.06372496044317785,player_offensive_derived_var_119
379,0.06354651413122149,player_physical_derived_var_79
720,0.06345973731881331,team2_other_raw_var_89
718,0.06292044041176216,team2_other_raw_var_87
479,0.062175514018178196,team1_other_raw_var_16
647,0.06201747664335929,team2_other_raw_var_16
435,0.06196349424646102,player_offensive_derived_var_135
462,0.061911280772325,team1_system_id
126,0.061699687119233876,player_other_raw_var_112
51,0.059977250444471074,player_other_raw_var_37
122,0.05990318014867115,player_other_raw_var_108
626,0.05924542495703066,team1_offensive_derived_var_16
405,0.05747819001991632,player_physical_derived_var_105
581,0.05740584294435405,team1_offensive_ratio_var_24
234,0.056540549114396016,player_offensive_ratio_var_21
508,0.056455910930215944,team1_other_raw_var_45
694,0.05643722044758857,team2_other_raw_var_63
140,0.05630094548150324,player_offensive_raw_var_126
314,0.05586379702233721,player_positional_derived_var_14
567,0.05579448137560639,team1_other_ratio_var_10
118,0.05541597597268485,player_other_raw_var_104
443,0.055322164695867065,player_other_derived_var_143
293,0.055191261773574724,player_other_ratio_var_80
688,0.054540739638983135,team2_other_raw_var_57
219,0.05444830952078782,player_other_ratio_var_6
381,0.05406498627335363,player_offensive_derived_var_81
401,0.05391842252522397,player_defensive_derived_var_101
696,0.05385557232957702,team2_other_raw_var_65
772,0.05340598519804163,team2_other_ratio_var_47
119,0.05311760209389508,player_offensive_raw_var_105
284,0.05224331259249465,player_other_ratio_var_71
221,0.05181201624438391,player_defensive_ratio_var_8
685,0.05157797993033869,team2_other_raw_var_54
265,0.051500140314222086,player_offensive_ratio_var_52
478,0.05119327829255268,team1_other_raw_var_15
465,0.05065154556496342,team1_other_raw_var_2
309,0.05043266081320764,player_physical_derived_var_9
395,0.05018985933832411,player_defensive_derived_var_95
318,0.04994349414141145,player_physical_derived_var_18
483,0.04958297671954555,team1_other_raw_var_20
53,0.04925637625880078,player_other_raw_var_39
474,0.049040789813868835,team1_other_raw_var_11
328,0.04892932305053899,player_physical_derived_var_28
773,0.048852601358582506,team2_offensive_ratio_var_48
714,0.04864486062315633,team2_other_raw_var_83
412,0.048028260483135264,player_physical_derived_var_112
639,0.047979064634409305,team2_other_raw_var_8
450,0.047897144462861294,player_other_derived_var_150
607,0.04756321886291665,team1_other_ratio_var_50
699,0.047319781077344546,team2_defensive_raw_var_68
49,0.046691124460891804,player_other_raw_var_35
755,0.046562866343719866,team2_offensive_ratio_var_30
428,0.04648150373296652,player_offensive_derived_var_128
206,0.04606330564305044,player_physical_raw_var_192
154,0.04605598464350107,player_other_raw_var_140
120,0.04571577364053774,player_other_raw_var_106
368,0.04559696462216912,player_offensive_derived_var_68
298,0.045467302456131994,player_defensive_ratio_var_85
522,0.04514067965613076,team1_other_raw_var_59
332,0.04486925976794284,player_defensive_derived_var_32
397,0.04458771754441671,player_physical_derived_var_97
744,0.04445774547691998,team2_other_ratio_var_19
346,0.044145489046284875,player_offensive_derived_var_46
470,0.04388219661348437,team1_offensive_raw_var_7
606,0.04381436797335982,team1_other_ratio_var_49
716,0.04377528788292576,team2_other_raw_var_85
648,0.043426501434858655,team2_defensive_raw_var_17
294,0.043163238578823884,player_defensive_ratio_var_81
717,0.043129677671590434,team2_offensive_raw_var_86
215,0.04301010374679718,player_defensive_ratio_var_2
546,0.042356816497495085,team1_other_raw_var_83
656,0.041969089110968395,team2_other_raw_var_25
116,0.04130501552947234,player_offensive_raw_var_102
624,0.040826646928661496,team1_offensive_derived_var_14
121,0.04049409046205872,player_other_raw_var_107
48,0.040481003496779175,player_other_raw_var_34
270,0.03974395653062891,player_offensive_ratio_var_57
663,0.03941782226496446,team2_other_raw_var_32
203,0.039243381440753795,player_physical_raw_var_189
335,0.039132344608599226,player_physical_derived_var_35
148,0.03884734682933476,player_other_raw_var_134
394,0.0387332470477975,player_physical_derived_var_94
145,0.03844565967789625,player_offensive_raw_var_131
228,0.03816543588804007,player_other_ratio_var_15
493,0.03808590734156236,team1_other_raw_var_30
417,0.03798273085298683,player_positional_derived_var_117
711,0.03772327601462488,team2_other_raw_var_80
257,0.03761381791844454,player_other_ratio_var_44
722,0.037317985610232814,team2_offensive_raw_var_91
137,0.03706096033152202,player_other_raw_var_123
719,0.036970270059196536,team2_other_raw_var_88
380,0.036455750170814684,player_offensive_derived_var_80
55,0.03636256242274624,player_other_raw_var_41
675,0.03631930627974283,team2_other_raw_var_44
413,0.0360719747662916,player_defensive_derived_var_113
101,0.03581739385576911,player_offensive_raw_var_87
775,0.03500988882687979,team2_other_ratio_var_50
709,0.034697768818427344,team2_other_raw_var_78
214,0.03430487121258951,player_positional_ratio_var_1
235,0.03411565416298332,player_positional_ratio_var_22
231,0.033195774588066745,player_other_ratio_var_18
523,0.03268070770560379,team1_other_raw_var_60
538,0.0324471728778648,team1_other_raw_var_75
661,0.03214537024847996,team2_other_raw_var_30
433,0.03143192974568201,player_physical_derived_var_133
651,0.03122163357833538,team2_other_raw_var_20
636,0.03117488455671251,team2_other_raw_var_5
712,0.031080665386599395,team2_other_raw_var_81
288,0.031073157842214306,player_other_ratio_var_75
549,0.031015602835174617,team1_offensive_raw_var_86
793,0.030978837349628252,team2_defensive_derived_var_15
323,0.030847046279052506,player_physical_derived_var_23
665,0.030843452437411968,team2_other_raw_var_34
386,0.03070278871221698,player_offensive_derived_var_86
108,0.030684110831893766,player_defensive_raw_var_94
658,0.0294450070984527,team2_other_raw_var_27
65,0.028974747533152424,player_other_raw_var_51
141,0.02884251736580642,player_other_raw_var_127
649,0.027561076030356586,team2_offensive_raw_var_18
684,0.027332033651389177,team2_other_raw_var_53
306,0.02707203797072232,player_physical_derived_var_6
457,0.02702230657447116,player_other_derived_var_157
420,0.027006099131749887,player_offensive_derived_var_120
361,0.026980977885103005,player_other_derived_var_61
399,0.026793341406084522,player_offensive_derived_var_99
396,0.02649016193775287,player_other_derived_var_96
11,0.026414305512537855,player_general_var_3
637,0.025948508083131882,team2_defensive_raw_var_6
142,0.025732117750193923,player_other_raw_var_128
439,0.02564474276884312,player_other_derived_var_139
169,0.025635594754540598,player_offensive_raw_var_155
272,0.02554250916279469,player_offensive_ratio_var_59
424,0.02553396018474574,player_offensive_derived_var_124
421,0.025312980132486916,player_physical_derived_var_121
599,0.024878393897633938,team1_other_ratio_var_42
107,0.024661416587628875,player_defensive_raw_var_93
666,0.024483967683830668,team2_offensive_raw_var_35
406,0.023726899145022087,player_physical_derived_var_106
736,0.023641923601509244,team2_other_ratio_var_11
331,0.023388235951326136,player_defensive_derived_var_31
237,0.023348419030668963,player_other_ratio_var_24
471,0.023245053925714555,team1_other_raw_var_8
416,0.023212758511562608,player_positional_derived_var_116
531,0.023039501061961513,team1_defensive_raw_var_68
353,0.022701234098808722,player_positional_derived_var_53
547,0.022693668574559542,team1_other_raw_var_84
336,0.02237841243545187,player_physical_derived_var_36
182,0.022327657804892598,player_other_raw_var_168
229,0.022327040505175047,player_defensive_ratio_var_16
440,0.022278017940534384,player_other_derived_var_140
505,0.022258554463072133,team1_other_raw_var_42
442,0.021742680637593496,player_defensive_derived_var_142
705,0.021124698187559902,team2_other_raw_var_74
489,0.021071701932744547,team1_other_raw_var_26
458,0.021066449049773037,player_offensive_derived_var_158
171,0.02049357415493777,player_other_raw_var_157
387,0.01995764033749225,player_positional_derived_var_87
530,0.019633758755215225,team1_other_raw_var_67
585,0.019194725461890754,team1_other_ratio_var_28
434,0.0187951418889424,player_defensive_derived_var_134
166,0.018335481879472183,player_other_raw_var_152
315,0.01831856896205118,player_positional_derived_var_15
299,0.017937955553095065,player_other_ratio_var_86
345,0.017604647203581566,player_physical_derived_var_45
605,0.01755029933394102,team1_offensive_ratio_var_48
232,0.016993689039498206,player_offensive_ratio_var_19
632,0.016062070330785546,team2_offensive_raw_var_1
539,0.015514085017935633,team1_other_raw_var_76
568,0.01523725724751163,team1_other_ratio_var_11
278,0.015004356875224462,player_other_ratio_var_65
143,0.01481473531329966,player_offensive_raw_var_129
185,0.013679764085311321,player_other_raw_var_171
441,0.01361865370049887,player_other_derived_var_141
418,0.013072804759624135,player_physical_derived_var_118
127,0.012862643729147211,player_other_raw_var_113
544,0.012441386793810733,team1_other_raw_var_81
175,0.012186830806237468,player_defensive_raw_var_161
766,0.012173729630334126,team2_other_ratio_var_41
432,0.012010586275890524,player_defensive_derived_var_132
247,0.011909072570124192,player_other_ratio_var_34
693,0.0119040141242968,team2_other_raw_var_62
159,0.011878933296284061,player_offensive_raw_var_145
286,0.011235579375820032,player_other_ratio_var_73
343,0.011155211565976592,player_positional_derived_var_43
532,0.01085312324336432,team1_other_raw_var_69
449,0.01081426419806402,player_defensive_derived_var_149
382,0.010779264004655108,player_physical_derived_var_82
213,0.010010490779393545,player_positional_ratio_var_0
71,0.009675980074318377,player_other_raw_var_57
414,0.00964551597287187,player_defensive_derived_var_114
158,0.009641384849597446,player_other_raw_var_144
285,0.00900688954771573,player_offensive_ratio_var_72
174,0.008577491955258277,player_other_raw_var_160
252,0.008403417385250179,player_defensive_ratio_var_39
180,0.008287185984964142,player_defensive_raw_var_166
202,0.007968004318121131,player_other_raw_var_188
352,0.007897193564424016,player_offensive_derived_var_52
289,0.007838547380636643,player_defensive_ratio_var_76
146,0.007660453999240221,player_other_raw_var_132
460,0.007416482473602473,player_other_derived_var_160
378,0.007374292153227431,player_positional_derived_var_78
698,0.0073033651075507374,team2_other_raw_var_67
529,0.00713624216666036,team1_other_raw_var_66
109,0.0070209432963118735,player_defensive_raw_var_95
226,0.006880193450858937,player_offensive_ratio_var_13
344,0.006789849142231593,player_positional_derived_var_44
157,0.00671217779727872,player_general_raw_var_143
84,0.006614600725038625,player_defensive_raw_var_70
377,0.006173671317544973,player_positional_derived_var_77
131,0.0059809555117415585,player_other_raw_var_117
56,0.0058569867974108646,player_defensive_raw_var_42
32,0.005301204413758914,player_other_raw_var_18
134,0.005098630883533239,player_offensive_raw_var_120
241,0.00487652564457933,player_other_ratio_var_28
218,0.004851979099623216,player_other_ratio_var_5
183,0.0044717117616832735,player_other_raw_var_169
210,0.0037098917091170605,player_physical_raw_var_196
459,0.003500829747415342,player_offensive_derived_var_159
152,0.003446549272654837,player_offensive_raw_var_138
14,0.002326173447613818,player_positional_raw_var_0
178,0.0019382749537748595,player_other_raw_var_164
37,0.001852084682343463,player_positional_raw_var_23
111,0.0015993122392799965,player_defensive_raw_var_97
162,0.001126833105610447,player_offensive_raw_var_148
165,0.0011032089003469134,player_offensive_raw_var_151
437,0.0009673452142806825,player_defensive_derived_var_137
139,0.0007558785158239556,player_other_raw_var_125
163,0.0005352984764310957,player_other_raw_var_149
188,0.00046981654341596274,player_positional_raw_var_174
35,0.0003628059767047404,player_positional_raw_var_21
186,0.0003274342750768093,player_other_raw_var_172
63,0.0002286629119234883,player_offensive_raw_var_49
253,0.0,player_offensive_ratio_var_40
8,0.0,player_general_var_0
710,0.0,team2_other_raw_var_79
251,0.0,player_defensive_ratio_var_38
9,0.0,player_general_var_1
713,0.0,team2_other_raw_var_82
250,0.0,player_other_ratio_var_37
220,0.0,player_other_ratio_var_7
40,0.0,player_other_raw_var_26
249,0.0,player_other_ratio_var_36
715,0.0,team2_other_raw_var_84
15,0.0,player_positional_raw_var_1
181,0.0,player_other_raw_var_167
170,0.0,player_offensive_raw_var_156
187,0.0,player_other_raw_var_173
216,0.0,player_defensive_ratio_var_3
24,0.0,player_other_raw_var_10
25,0.0,player_offensive_raw_var_11
184,0.0,player_offensive_raw_var_170
161,0.0,player_other_raw_var_147
164,0.0,player_offensive_raw_var_150
217,0.0,player_other_ratio_var_4
167,0.0,player_offensive_raw_var_153
168,0.0,player_other_raw_var_154
703,0.0,team2_other_raw_var_72
758,0.0,team2_other_ratio_var_33
21,0.0,player_offensive_raw_var_7
41,0.0,player_other_raw_var_27
757,0.0,team2_other_ratio_var_32
16,0.0,player_positional_raw_var_2
777,0.0,team2_other_ratio_var_52
26,0.0,player_other_raw_var_12
223,0.0,player_other_ratio_var_10
13,0.0,player_general_var_5
190,0.0,player_other_raw_var_176
236,0.0,player_other_ratio_var_23
28,0.0,player_other_raw_var_14
29,0.0,player_positional_raw_var_15
735,0.0,team2_other_ratio_var_10
191,0.0,player_other_raw_var_177
233,0.0,player_offensive_ratio_var_20
33,0.0,player_other_raw_var_19
27,0.0,player_other_raw_var_13
194,0.0,player_other_raw_var_180
227,0.0,player_other_ratio_var_14
30,0.0,player_positional_raw_var_16
31,0.0,player_positional_raw_var_17
192,0.0,player_other_raw_var_178
177,0.0,player_other_raw_var_163
193,0.0,player_other_raw_var_179
176,0.0,player_general_raw_var_162
23,0.0,player_other_raw_var_9
173,0.0,player_other_raw_var_159
39,0.0,player_other_raw_var_25
19,0.0,player_defensive_raw_var_5
17,0.0,player_positional_raw_var_3
692,0.0,team2_other_raw_var_61
246,0.0,player_other_ratio_var_33
245,0.0,player_other_ratio_var_32
172,0.0,player_offensive_raw_var_158
723,0.0,team2_other_raw_var_92
749,0.0,team2_offensive_ratio_var_24
238,0.0,player_other_ratio_var_25
38,0.0,player_other_raw_var_24
189,0.0,player_other_raw_var_175
179,0.0,player_defensive_raw_var_165
36,0.0,player_positional_raw_var_22
240,0.0,player_other_ratio_var_27
34,0.0,player_other_raw_var_20
239,0.0,player_other_ratio_var_26
22,0.0,player_other_raw_var_8
514,0.0,team1_other_raw_var_51
160,0.0,player_other_raw_var_146
67,0.0,player_offensive_raw_var_53
482,0.0,team1_other_raw_var_19
555,0.0,team1_other_raw_var_92
110,0.0,player_other_raw_var_96
477,0.0,team1_other_raw_var_14
86,0.0,player_general_raw_var_72
476,0.0,team1_offensive_raw_var_13
475,0.0,team1_defensive_raw_var_12
473,0.0,team1_offensive_raw_var_10
472,0.0,team1_defensive_raw_var_9
469,0.0,team1_defensive_raw_var_6
467,0.0,team1_offensive_raw_var_4
85,0.0,player_general_raw_var_71
466,0.0,team1_defensive_raw_var_3
112,0.0,player_other_raw_var_98
461,0.0,player_offensive_derived_var_161
113,0.0,player_other_raw_var_99
114,0.0,player_defensive_raw_var_100
75,0.0,player_defensive_raw_var_61
74,0.0,player_offensive_raw_var_60
115,0.0,player_other_raw_var_101
69,0.0,player_positional_raw_var_55
589,0.0,team1_other_ratio_var_32
590,0.0,team1_other_ratio_var_33
492,0.0,team1_defensive_raw_var_29
548,0.0,team1_other_raw_var_85
494,0.0,team1_other_raw_var_31
506,0.0,team1_other_raw_var_43
516,0.0,team1_other_raw_var_53
99,0.0,player_other_raw_var_85
98,0.0,player_other_raw_var_84
97,0.0,player_other_raw_var_83
96,0.0,player_other_raw_var_82
95,0.0,player_other_raw_var_81
100,0.0,player_positional_raw_var_86
102,0.0,player_other_raw_var_88
104,0.0,player_other_raw_var_90
525,0.0,team1_other_raw_var_62
503,0.0,team1_other_raw_var_40
545,0.0,team1_other_raw_var_82
501,0.0,team1_other_raw_var_38
94,0.0,player_other_raw_var_80
535,0.0,team1_other_raw_var_72
93,0.0,player_offensive_raw_var_79
105,0.0,player_other_raw_var_91
497,0.0,team1_other_raw_var_34
91,0.0,player_offensive_raw_var_77
496,0.0,team1_other_raw_var_33
542,0.0,team1_other_raw_var_79
543,0.0,team1_other_raw_var_80
68,0.0,player_other_raw_var_54
426,0.0,player_physical_derived_var_126
42,0.0,player_other_raw_var_28
66,0.0,player_defensive_raw_var_52
339,0.0,player_physical_derived_var_39
513,0.0,team1_other_raw_var_50
47,0.0,player_other_raw_var_33
296,0.0,player_defensive_ratio_var_83
662,0.0,team2_other_raw_var_31
295,0.0,player_defensive_ratio_var_82
664,0.0,team2_other_raw_var_33
292,0.0,player_positional_ratio_var_79
46,0.0,player_offensive_raw_var_32
291,0.0,player_offensive_ratio_var_78
669,0.0,team2_other_raw_var_38
290,0.0,player_offensive_ratio_var_77
671,0.0,team2_other_raw_var_40
674,0.0,team2_other_raw_var_43
44,0.0,player_other_raw_var_30
283,0.0,player_offensive_ratio_var_70
282,0.0,player_offensive_ratio_var_69
43,0.0,player_other_raw_var_29
681,0.0,team2_other_raw_var_50
682,0.0,team2_other_raw_var_51
281,0.0,player_offensive_ratio_var_68
280,0.0,player_other_ratio_var_67
279,0.0,player_other_ratio_var_66
650,0.0,team2_other_raw_var_19
645,0.0,team2_other_raw_var_14
644,0.0,team2_offensive_raw_var_13
388,0.0,player_physical_derived_var_88
425,0.0,player_positional_derived_var_125
411,0.0,player_physical_derived_var_111
403,0.0,player_defensive_derived_var_103
609,0.0,team1_other_ratio_var_52
62,0.0,player_defensive_raw_var_48
61,0.0,player_other_raw_var_47
128,0.0,player_general_raw_var_114
60,0.0,player_offensive_raw_var_46
57,0.0,player_defensive_raw_var_43
54,0.0,player_other_raw_var_40
374,0.0,player_physical_derived_var_74
643,0.0,team2_defensive_raw_var_12
371,0.0,player_physical_derived_var_71
370,0.0,player_physical_derived_var_70
50,0.0,player_other_raw_var_36
359,0.0,player_physical_derived_var_59
634,0.0,team2_defensive_raw_var_3
635,0.0,team2_offensive_raw_var_4
638,0.0,team2_offensive_raw_var_7
640,0.0,team2_defensive_raw_var_9
641,0.0,team2_offensive_raw_var_10
642,0.0,team2_other_raw_var_11
147,0.0,player_offensive_raw_var_133
